Destination,Hotel_ Name,Address,Rate,Image_link,Hotel_link
Cairo,Holy Sheet Hostel,2 Al Qadi Al Fadel 2nd floor. Abdeen. Cairo,8.8,https://tripplanner.ai/_next/image?url=https%3A%2F%2Fq-xx.bstatic.com%2Fxdata%2Fimages%2Fhotel%2Fmax500%2F176082176.jpg%3Fk%3D956325bfed8fe58f8a1d5541d70bff3a91a7e75923cacee6be2a86a4fff389de%26o%3D&w=1080&q=75,https://www.booking.com/index.html?label=v3.clvqlvnh5wtgh0890nxcyxxvk&aid=1607597&sid=a04b9cf317698333e7a6ce79b336b5cb
Cairo,Tahrir Square Hostel,11 Tahrir Square. Second floor. Next to KFC. Downtown. . Cairo,9.2,https://tripplanner.ai/_next/image?url=https%3A%2F%2Fq-xx.bstatic.com%2Fxdata%2Fimages%2Fhotel%2Fmax500%2F215523034.jpg%3Fk%3D9553ce4c7969884322db129426f35330f20f513537d75e9062fb247c0251d096%26o%3D&w=1080&q=75,https://www.stay22.com/allez/booking?aid=tripplannerai&campaign=build-itinerary~47604a60-2fa7-4235-a8aa-8ad682d9941a~date:2024-04-29&checkin=2024-06-11&checkout=2024-06-20&link=https%3A//www.booking.com/hotel/eg/tahrir-hostel.html%3Faid%3D1607597%26checkin%3D2024-07-28%26checkout%3D2024-07-29%26no_rooms%3D1%26group_adults%3D2%26selected_currency%3DUSD
Cairo,Madina Hostel,5 Kasr Al Nile street 10th floor. Cairo,9.2,https://tripplanner.ai/_next/image?url=https%3A%2F%2Fq-xx.bstatic.com%2Fxdata%2Fimages%2Fhotel%2Fmax500%2F253978598.jpg%3Fk%3D1bb887a4cd76710bb38f1a94bb2ea3c29124504f0c5321105f2716e2eb047a68%26o%3D&w=1080&q=75,https://www.stay22.com/allez/booking?aid=tripplannerai&campaign=build-itinerary~47604a60-2fa7-4235-a8aa-8ad682d9941a~date:2024-04-29&checkin=2024-06-11&checkout=2024-06-20&link=https%3A//www.booking.com/hotel/eg/madina-hostel.html%3Faid%3D1607597%26checkin%3D2024-07-28%26checkout%3D2024-07-29%26no_rooms%3D1%26group_adults%3D2%26selected_currency%3DUSD
Cairo,Nile View Inn,67 Abdulaziz Al Saud 67. Cairo,8.1,https://tripplanner.ai/_next/image?url=https%3A%2F%2Fq-xx.bstatic.com%2Fxdata%2Fimages%2Fhotel%2Fmax500%2F292662284.jpg%3Fk%3D3c57a4c347d1c31577ce1095c292f28d98f891fcac395bdd89b548d0f3d4d3a7%26o%3D&w=1080&q=75,https://www.stay22.com/allez/booking?aid=tripplannerai&campaign=build-itinerary~47604a60-2fa7-4235-a8aa-8ad682d9941a~date:2024-04-29&checkin=2024-06-11&checkout=2024-06-20&link=https%3A//www.booking.com/hotel/eg/galaxy-nile-suites.html%3Faid%3D1607597%26checkin%3D2024-07-28%26checkout%3D2024-07-29%26no_rooms%3D1%26group_adults%3D2%26selected_currency%3DUSD
Cairo,Nakhil Inn Residence,3 Al Nakhel. Cairo,8.5,https://tripplanner.ai/_next/image?url=https%3A%2F%2Fq-xx.bstatic.com%2Fxdata%2Fimages%2Fhotel%2Fmax500%2F192537504.jpg%3Fk%3Db036ecf4cf8d9c59c2e09c167ef3969fe3f92433d538d9401e4919ea723d4169%26o%3D&w=1080&q=75,https://www.stay22.com/allez/booking?aid=tripplannerai&campaign=build-itinerary~47604a60-2fa7-4235-a8aa-8ad682d9941a~date:2024-04-29&checkin=2024-06-11&checkout=2024-06-20&link=https%3A//www.booking.com/hotel/eg/nakhil-residence.html%3Faid%3D1607597%26checkin%3D2024-07-28%26checkout%3D2024-07-29%26no_rooms%3D1%26group_adults%3D2%26selected_currency%3DUSD
Cairo,Horus Guest House Pyramids View,21 Gamal Abd El Nasir Street From Abou Al Hool Al Seiahi Street. Giza. Cairo,8.7,https://tripplanner.ai/_next/image?url=https%3A%2F%2Fq-xx.bstatic.com%2Fxdata%2Fimages%2Fhotel%2Fmax500%2F137847863.jpg%3Fk%3D7c0fb217582d758dac647bfea974ba279555b78569776dd3de699778504fc952%26o%3D&w=1080&q=75,https://www.stay22.com/allez/booking?aid=tripplannerai&campaign=build-itinerary~47604a60-2fa7-4235-a8aa-8ad682d9941a~date:2024-04-29&checkin=2024-06-11&checkout=2024-06-20&link=https%3A//www.booking.com/hotel/eg/horus-guest-house-apartment.html%3Faid%3D1607597%26checkin%3D2024-07-28%26checkout%3D2024-07-29%26no_rooms%3D1%26group_adults%3D2%26selected_currency%3DUSD
Cairo,Comfort Sphinx Inn,EMRO Al Kais 12. 2nd floor. Cairo,8.4,https://tripplanner.ai/_next/image?url=https%3A%2F%2Fq-xx.bstatic.com%2Fxdata%2Fimages%2Fhotel%2Fmax500%2F462781690.jpg%3Fk%3D4598600d5f88687b89fb1db38ab546c4002787e0981f6ad9a3aa0c42308c75ae%26o%3D&w=1080&q=75,https://www.stay22.com/allez/booking?aid=tripplannerai&campaign=build-itinerary~47604a60-2fa7-4235-a8aa-8ad682d9941a~date:2024-04-29&checkin=2024-06-11&checkout=2024-06-20&link=https%3A//www.booking.com/hotel/eg/comfort-pyramids-inn.html%3Faid%3D1607597%26checkin%3D2024-07-28%26checkout%3D2024-07-29%26no_rooms%3D1%26group_adults%3D2%26selected_currency%3DUSD
Cairo,Sahara Pyramids Inn,14 Abo Al Hol Al Seyahi. Cairo,8.7,https://tripplanner.ai/_next/image?url=https%3A%2F%2Fq-xx.bstatic.com%2Fxdata%2Fimages%2Fhotel%2Fmax500%2F452867042.jpg%3Fk%3D16e6888856482e980c30d2163b20e7c11041984b13857f2c5a5391875d6ddf66%26o%3D&w=1080&q=75,https://www.stay22.com/allez/booking?aid=tripplannerai&campaign=build-itinerary~47604a60-2fa7-4235-a8aa-8ad682d9941a~date:2024-04-29&checkin=2024-06-11&checkout=2024-06-20&link=https%3A//www.booking.com/hotel/eg/sahara-pyramids-inn.html%3Faid%3D1607597%26checkin%3D2024-07-28%26checkout%3D2024-07-29%26no_rooms%3D1%26group_adults%3D2%26selected_currency%3DUSD
Cairo,Great Pyramid Inn,14 Abou Al Hool Al Seiahi. Pyramids Plateau In Front of Sound and Light Theater. Cairo,8.7,https://tripplanner.ai/_next/image?url=https%3A%2F%2Fq-xx.bstatic.com%2Fxdata%2Fimages%2Fhotel%2Fmax500%2F491132974.jpg%3Fk%3D4636a89901b7bd72b487e138dcffaeeab6324a5fab31c08999aaa704542d7bb1%26o%3D&w=1080&q=75,https://www.stay22.com/allez/booking?aid=tripplannerai&campaign=build-itinerary~47604a60-2fa7-4235-a8aa-8ad682d9941a~date:2024-04-29&checkin=2024-06-11&checkout=2024-06-20&link=https%3A//www.booking.com/hotel/eg/great-pyramid-inn.html%3Faid%3D1607597%26checkin%3D2024-07-28%26checkout%3D2024-07-29%26no_rooms%3D1%26group_adults%3D2%26selected_currency%3DUSD
Cairo,PANORAMA view pyramids,10 abo el hool st nazlet el samman 10. Cairo,8.6,https://tripplanner.ai/_next/image?url=https%3A%2F%2Fq-xx.bstatic.com%2Fxdata%2Fimages%2Fhotel%2Fmax500%2F405124053.jpg%3Fk%3Da06e8b525d8e2d227ed8bacd5b62af41711168fd0fa6a01da9d83ed2bf59a829%26o%3D&w=1080&q=75,https://www.stay22.com/allez/booking?aid=tripplannerai&campaign=build-itinerary~47604a60-2fa7-4235-a8aa-8ad682d9941a~date:2024-04-29&checkin=2024-06-11&checkout=2024-06-20&link=https%3A//www.booking.com/hotel/eg/panorama-view-pyramids.html%3Faid%3D1607597%26checkin%3D2024-07-28%26checkout%3D2024-07-29%26no_rooms%3D1%26group_adults%3D2%26selected_currency%3DUSD
Cairo,Atlantis pyramids inn,Sphinx square pyramids giza 4 sphinx street pyramids giza. Cairo,9.1,https://tripplanner.ai/_next/image?url=https%3A%2F%2Fq-xx.bstatic.com%2Fxdata%2Fimages%2Fhotel%2Fmax500%2F279659242.jpg%3Fk%3D28ca4686dc245f7e63d2bdd2674d2147623fc5924c5c0881b93c072e204f0e7d%26o%3D&w=1080&q=75,https://www.stay22.com/allez/booking?aid=tripplannerai&campaign=build-itinerary~47604a60-2fa7-4235-a8aa-8ad682d9941a~date:2024-04-29&checkin=2024-06-11&checkout=2024-06-20&link=https%3A//www.booking.com/hotel/eg/atlantis-pyramids-inn.html%3Faid%3D1607597%26checkin%3D2024-07-28%26checkout%3D2024-07-29%26no_rooms%3D1%26group_adults%3D2%26selected_currency%3DUSD
Cairo,Royal Day Plaza Hotel,motamyez district - behind ramo square. 6th Of October,8.4,https://tripplanner.ai/_next/image?url=https%3A%2F%2Fq-xx.bstatic.com%2Fxdata%2Fimages%2Fhotel%2Fmax500%2F295011761.jpg%3Fk%3D279ae80ee6d100481cc0541a4a6fc251956e6351b2e3726d28ac6006808b107d%26o%3D&w=1080&q=75,https://www.stay22.com/allez/booking?aid=tripplannerai&campaign=build-itinerary~47604a60-2fa7-4235-a8aa-8ad682d9941a~date:2024-04-29&checkin=2024-06-11&checkout=2024-06-20&link=https%3A//www.booking.com/hotel/eg/royal-day-plaza.html%3Faid%3D1607597%26checkin%3D2024-07-28%26checkout%3D2024-07-29%26no_rooms%3D1%26group_adults%3D2%26selected_currency%3DUSD
Luxor,Cleopatra Hotel Luxor,Gezira El Bairat. West Bank. Luxor,8.9,https://tripplanner.ai/_next/image?url=https%3A%2F%2Fq-xx.bstatic.com%2Fxdata%2Fimages%2Fhotel%2Fmax500%2F48173781.jpg%3Fk%3Dc84317e162e52bf21df92c1f45f8e7dce7d01df3d556d5a26707cf18bbbb4e76%26o%3D&w=1080&q=75,https://www.stay22.com/allez/booking?aid=tripplannerai&campaign=build-itinerary~ad36c165-ea5c-40fe-907f-8c86a228a829~date:2024-04-29&checkin=2024-10-06&checkout=2024-10-07&link=https%3A//www.booking.com/hotel/eg/cleopatra-luxor.html%3Faid%3D1607597%26checkin%3D2024-07-28%26checkout%3D2024-07-29%26no_rooms%3D1%26group_adults%3D2%26selected_currency%3DUSD
Luxor,Hotel Sheherazade Luxor,Gezira El Bairat. West Bank. Luxor,7.8,https://tripplanner.ai/_next/image?url=https%3A%2F%2Fq-xx.bstatic.com%2Fxdata%2Fimages%2Fhotel%2Fmax500%2F133329224.jpg%3Fk%3D480a8e62931c17824c656ccf01d474185e83bb499b1e2c636c6d890b3c98dacd%26o%3D&w=1080&q=75,https://www.stay22.com/allez/booking?aid=tripplannerai&campaign=build-itinerary~ad36c165-ea5c-40fe-907f-8c86a228a829~date:2024-04-29&checkin=2024-10-06&checkout=2024-10-07&link=https%3A//www.booking.com/hotel/eg/sheherazade.html%3Faid%3D1607597%26checkin%3D2024-07-28%26checkout%3D2024-07-29%26no_rooms%3D1%26group_adults%3D2%26selected_currency%3DUSD
Luxor,Amon Hotel,Gezira El Bairat. West Bank. Luxor,8.3,https://tripplanner.ai/_next/image?url=https%3A%2F%2Fq-xx.bstatic.com%2Fxdata%2Fimages%2Fhotel%2Fmax500%2F509469193.jpg%3Fk%3D2ed1bb4d027ebd53787e9e1c1cbe211a9d741579f3571910995fdadca5f3d89a%26o%3D&w=1080&q=75,https://www.stay22.com/allez/booking?aid=tripplannerai&campaign=build-itinerary~ad36c165-ea5c-40fe-907f-8c86a228a829~date:2024-04-29&checkin=2024-10-06&checkout=2024-10-07&link=https%3A//www.booking.com/hotel/eg/amon.html%3Faid%3D1607597%26checkin%3D2024-07-28%26checkout%3D2024-07-29%26no_rooms%3D1%26group_adults%3D2%26selected_currency%3DUSD
Luxor,Embrace Hotel,luxor -west bank - halfaia. Luxor,8.7,https://tripplanner.ai/_next/image?url=https%3A%2F%2Fq-xx.bstatic.com%2Fxdata%2Fimages%2Fhotel%2Fmax500%2F460319321.jpg%3Fk%3D605b104ac7cb13eaf1d4bd430fb4be3b7acfc4f3ae77448f5d89d7ee8cc2f055%26o%3D&w=1080&q=75,https://www.stay22.com/allez/booking?aid=tripplannerai&campaign=build-itinerary~ad36c165-ea5c-40fe-907f-8c86a228a829~date:2024-04-29&checkin=2024-10-06&checkout=2024-10-07&link=https%3A//www.booking.com/hotel/eg/embrace.html%3Faid%3D1607597%26checkin%3D2024-07-28%26checkout%3D2024-07-29%26no_rooms%3D1%26group_adults%3D2%26selected_currency%3DUSD
Luxor,Spring Hotel Luxor,Ramla Street. West Bank. Luxor,8.7,https://tripplanner.ai/_next/image?url=https%3A%2F%2Fq-xx.bstatic.com%2Fxdata%2Fimages%2Fhotel%2Fmax500%2F297200856.jpg%3Fk%3D409e47e542de0b51f1194466e67175471270b4e5f533b56d53cb9027b89917d3%26o%3D&w=1080&q=75,https://www.stay22.com/allez/booking?aid=tripplannerai&campaign=build-itinerary~ad36c165-ea5c-40fe-907f-8c86a228a829~date:2024-04-29&checkin=2024-10-06&checkout=2024-10-07&link=https%3A//www.booking.com/hotel/eg/555-studios-amp-flats.html%3Faid%3D1607597%26checkin%3D2024-07-28%26checkout%3D2024-07-29%26no_rooms%3D1%26group_adults%3D2%26selected_currency%3DUSD
Luxor,El Gezira Garden Hotel Luxor,Gezira El Bairat . West bank . Luxor,8.9,https://tripplanner.ai/_next/image?url=https%3A%2F%2Fq-xx.bstatic.com%2Fxdata%2Fimages%2Fhotel%2Fmax500%2F53313091.jpg%3Fk%3D611e4149f6314093d5db887bd8a220d3d10cd8611885e777506433f463b19900%26o%3D&w=1080&q=75,https://www.stay22.com/allez/booking?aid=tripplannerai&campaign=build-itinerary~ad36c165-ea5c-40fe-907f-8c86a228a829~date:2024-04-29&checkin=2024-10-06&checkout=2024-10-07&link=https%3A//www.booking.com/hotel/eg/el-gezira-garden-luxor.html%3Faid%3D1607597%26checkin%3D2024-07-28%26checkout%3D2024-07-29%26no_rooms%3D1%26group_adults%3D2%26selected_currency%3DUSD
Luxor,El Mesala Hotel,Gezira El Bairat. Al Ramla. West Bank. Luxor,8.3,https://tripplanner.ai/_next/image?url=https%3A%2F%2Fq-xx.bstatic.com%2Fxdata%2Fimages%2Fhotel%2Fmax500%2F320113424.jpg%3Fk%3Db16aefdac31af523041b0253354d18b276719b831ed874f25c22b62543019a98%26o%3D&w=1080&q=75,https://www.stay22.com/allez/booking?aid=tripplannerai&campaign=build-itinerary~ad36c165-ea5c-40fe-907f-8c86a228a829~date:2024-04-29&checkin=2024-10-06&checkout=2024-10-07&link=https%3A//www.booking.com/hotel/eg/el-mesala.html%3Faid%3D1607597%26checkin%3D2024-07-28%26checkout%3D2024-07-29%26no_rooms%3D1%26group_adults%3D2%26selected_currency%3DUSD
Luxor,Susanna Hotel Luxor,52 Karnak Temple St. East Bank. Luxor,8,https://tripplanner.ai/_next/image?url=https%3A%2F%2Fq-xx.bstatic.com%2Fxdata%2Fimages%2Fhotel%2Fmax500%2F2463931.jpg%3Fk%3D3d9aa289b0c7c4b4c4b1e4e16b6e62525c7a20171b4a862f97ee569eb1eb3387%26o%3D&w=1080&q=75,https://www.stay22.com/allez/booking?aid=tripplannerai&campaign=build-itinerary~ad36c165-ea5c-40fe-907f-8c86a228a829~date:2024-04-29&checkin=2024-10-06&checkout=2024-10-07&link=https%3A//www.booking.com/hotel/eg/susanna.html%3Faid%3D1607597%26checkin%3D2024-07-28%26checkout%3D2024-07-29%26no_rooms%3D1%26group_adults%3D2%26selected_currency%3DUSD
Luxor,CASA LOKO Guest House,Al Bairat.west bank.luxor. Luxor,9.7,https://tripplanner.ai/_next/image?url=https%3A%2F%2Fq-xx.bstatic.com%2Fxdata%2Fimages%2Fhotel%2Fmax500%2F400780485.jpg%3Fk%3D62d17fa7d4ec1e817e055a3970ecaf2457f005d54ee3ced651c3fad542488e5d%26o%3D&w=1080&q=75,https://www.stay22.com/allez/booking?aid=tripplannerai&campaign=build-itinerary~ad36c165-ea5c-40fe-907f-8c86a228a829~date:2024-04-29&checkin=2024-10-06&checkout=2024-10-07&link=https%3A//www.booking.com/hotel/eg/casa-loko-guest-house.html%3Faid%3D1607597%26checkin%3D2024-07-28%26checkout%3D2024-07-29%26no_rooms%3D1%26group_adults%3D2%26selected_currency%3DUSD
Luxor,Full Moon House,El Ramla. Luxor West Bank. Luxor Close to the ferry. Luxor,9.4,https://tripplanner.ai/_next/image?url=https%3A%2F%2Fq-xx.bstatic.com%2Fxdata%2Fimages%2Fhotel%2Fmax500%2F502896220.jpg%3Fk%3Dddc780d3e7d5154cc26e832c1655b0cbaa403ae5c0435a84e933d7a1b4d54efb%26o%3D&w=1080&q=75,https://www.stay22.com/allez/booking?aid=tripplannerai&campaign=build-itinerary~ad36c165-ea5c-40fe-907f-8c86a228a829~date:2024-04-29&checkin=2024-10-06&checkout=2024-10-07&link=https%3A//www.booking.com/hotel/eg/full-moon-house.html%3Faid%3D1607597%26checkin%3D2024-07-28%26checkout%3D2024-07-29%26no_rooms%3D1%26group_adults%3D2%26selected_currency%3DUSD
Luxor,Luxor Guest House,West Bank. Albairat . Alramla. Luxor,8.8,https://tripplanner.ai/_next/image?url=https%3A%2F%2Fq-xx.bstatic.com%2Fxdata%2Fimages%2Fhotel%2Fmax500%2F297119376.jpg%3Fk%3D18b6713c7b56e918222a76eb93139392687e23f9493e120709a81cbb886018a4%26o%3D&w=1080&q=75,https://www.stay22.com/allez/booking?aid=tripplannerai&campaign=build-itinerary~ad36c165-ea5c-40fe-907f-8c86a228a829~date:2024-04-29&checkin=2024-10-06&checkout=2024-10-07&link=https%3A//www.booking.com/hotel/eg/luxor-guest-house.html%3Faid%3D1607597%26checkin%3D2024-07-28%26checkout%3D2024-07-29%26no_rooms%3D1%26group_adults%3D2%26selected_currency%3DUSD
Luxor,Thebes Hotel,West Bank. Luxor,8.7,https://tripplanner.ai/_next/image?url=https%3A%2F%2Fq-xx.bstatic.com%2Fxdata%2Fimages%2Fhotel%2Fmax500%2F305455848.jpg%3Fk%3D5e957568f1f7026f94da9b46871b359162672220b9ee00bd3937ef4329456fff%26o%3D&w=1080&q=75,https://www.stay22.com/allez/booking?aid=tripplannerai&campaign=build-itinerary~ad36c165-ea5c-40fe-907f-8c86a228a829~date:2024-04-29&checkin=2024-10-06&checkout=2024-10-07&link=https%3A//www.booking.com/hotel/eg/thebes.html%3Faid%3D1607597%26checkin%3D2024-07-28%26checkout%3D2024-07-29%26no_rooms%3D1%26group_adults%3D2%26selected_currency%3DUSD
Luxor,IN LUXOR Nile Apartments,Ramla Nile Street. 10. Luxor,8.7,https://tripplanner.ai/_next/image?url=https%3A%2F%2Fq-xx.bstatic.com%2Fxdata%2Fimages%2Fhotel%2Fmax500%2F384780591.jpg%3Fk%3D5d64abced9585fe2da55bda1602e36d0cf1c313a6d95822a4fbab3dd04a6dbcc%26o%3D&w=1080&q=75,https://www.stay22.com/allez/booking?aid=tripplannerai&campaign=build-itinerary~ad36c165-ea5c-40fe-907f-8c86a228a829~date:2024-04-29&checkin=2024-10-06&checkout=2024-10-07&link=https%3A//www.booking.com/hotel/eg/apartments-in-luxor-luxor.html%3Faid%3D1607597%26checkin%3D2024-07-28%26checkout%3D2024-07-29%26no_rooms%3D1%26group_adults%3D2%26selected_currency%3DUSD
Luxor,Villa Kaslan Apartments,Cairo Road to Western Aswan. Luxor,9.8,https://tripplanner.ai/_next/image?url=https%3A%2F%2Fq-xx.bstatic.com%2Fxdata%2Fimages%2Fhotel%2Fmax500%2F507354061.jpg%3Fk%3D4730e4cc9b79fa32f6b3d5b9a6e2f71ff5a0d5f3fbe9bd15f3867f3f74da46b1%26o%3D&w=1080&q=75,https://www.stay22.com/allez/booking?aid=tripplannerai&campaign=build-itinerary~ad36c165-ea5c-40fe-907f-8c86a228a829~date:2024-04-29&checkin=2024-10-06&checkout=2024-10-07&link=https%3A//www.booking.com/hotel/eg/villa-kaslan.html%3Faid%3D1607597%26checkin%3D2024-07-28%26checkout%3D2024-07-29%26no_rooms%3D1%26group_adults%3D2%26selected_currency%3DUSD
Luxor,Moon Valley Apartments,luxor west bank albairat. Luxor,9.1,https://tripplanner.ai/_next/image?url=https%3A%2F%2Fq-xx.bstatic.com%2Fxdata%2Fimages%2Fhotel%2Fmax500%2F326810252.jpg%3Fk%3D4ca6725e13c8f12a2032eb13450d4b11637365b8877d71dc9ae054af92ac3c77%26o%3D&w=1080&q=75,https://www.stay22.com/allez/booking?aid=tripplannerai&campaign=build-itinerary~ad36c165-ea5c-40fe-907f-8c86a228a829~date:2024-04-29&checkin=2024-10-06&checkout=2024-10-07&link=https%3A//www.booking.com/hotel/eg/moon-valley-apartments.html%3Faid%3D1607597%26checkin%3D2024-07-28%26checkout%3D2024-07-29%26no_rooms%3D1%26group_adults%3D2%26selected_currency%3DUSD
Luxor,Iberotel Luxor,Khaled Ibn El Waleed Street. East Bank. Luxor,8.4,https://tripplanner.ai/_next/image?url=https%3A%2F%2Fq-xx.bstatic.com%2Fxdata%2Fimages%2Fhotel%2Fmax500%2F334702813.jpg%3Fk%3Db644520a99b602a9b8c5c2c8ae99ab2fee8621433536b0883ff8a023be79ae9b%26o%3D&w=1080&q=75,https://www.stay22.com/allez/booking?aid=tripplannerai&campaign=build-itinerary~ad36c165-ea5c-40fe-907f-8c86a228a829~date:2024-04-29&checkin=2024-10-06&checkout=2024-10-07&link=https%3A//www.booking.com/hotel/eg/iberotel-luxor.html%3Faid%3D1607597%26checkin%3D2024-07-28%26checkout%3D2024-07-29%26no_rooms%3D1%26group_adults%3D2%26selected_currency%3DUSD
Luxor,Nile Panorama Hotel,Luxor . west bank . Albairat . Jorf. Luxor,9.2,https://tripplanner.ai/_next/image?url=https%3A%2F%2Fq-xx.bstatic.com%2Fxdata%2Fimages%2Fhotel%2Fmax500%2F428120459.jpg%3Fk%3Dae37de481b9abce3f43b091c8c36778b490f777757721b95e7cec4dfd18d8c56%26o%3D&w=1080&q=75,https://www.stay22.com/allez/booking?aid=tripplannerai&campaign=build-itinerary~ad36c165-ea5c-40fe-907f-8c86a228a829~date:2024-04-29&checkin=2024-10-06&checkout=2024-10-07&link=https%3A//www.booking.com/hotel/eg/nile-panorama-apartments.html%3Faid%3D1607597%26checkin%3D2024-07-28%26checkout%3D2024-07-29%26no_rooms%3D1%26group_adults%3D2%26selected_currency%3DUSD
Luxor,DREAM ISLAND Hotel,El DJORF West Bank of Luxor. Luxor,8.5,https://tripplanner.ai/_next/image?url=https%3A%2F%2Fq-xx.bstatic.com%2Fxdata%2Fimages%2Fhotel%2Fmax500%2F321078281.jpg%3Fk%3D032408ec2368278cd8907ee2bf975b57d4775f33ed8bdc0e781090d414a35fac%26o%3D&w=1080&q=75,https://www.stay22.com/allez/booking?aid=tripplannerai&campaign=build-itinerary~ad36c165-ea5c-40fe-907f-8c86a228a829~date:2024-04-29&checkin=2024-10-06&checkout=2024-10-07&link=https%3A//www.booking.com/hotel/eg/dream-island.html%3Faid%3D1607597%26checkin%3D2024-07-28%26checkout%3D2024-07-29%26no_rooms%3D1%26group_adults%3D2%26selected_currency%3DUSD
Luxor,Sonesta St. George Hotel - Convention Center,Corniche El Nile Street. Luxor,9.1,https://tripplanner.ai/_next/image?url=https%3A%2F%2Fq-xx.bstatic.com%2Fxdata%2Fimages%2Fhotel%2Fmax500%2F389273650.jpg%3Fk%3D337b556b649af567799b82070d02a1764edc4bdfc4e1c5035d18bf30743f83c9%26o%3D&w=1080&q=75,https://www.stay22.com/allez/booking?aid=tripplannerai&campaign=build-itinerary~ad36c165-ea5c-40fe-907f-8c86a228a829~date:2024-04-29&checkin=2024-10-06&checkout=2024-10-07&link=https%3A//www.booking.com/hotel/eg/sonesta-st-george-luxor.html%3Faid%3D1607597%26checkin%3D2024-07-28%26checkout%3D2024-07-29%26no_rooms%3D1%26group_adults%3D2%26selected_currency%3DUSD
Luxor,Nile Compound,Jorf. opposite to Steigenberger Hotel- West Bank. Luxor,8.9,https://tripplanner.ai/_next/image?url=https%3A%2F%2Fq-xx.bstatic.com%2Fxdata%2Fimages%2Fhotel%2Fmax500%2F333561406.jpg%3Fk%3D3d34ca4be62b726e3fa572d6b7605bf0946a9e6bc67fcfc56784a65994529bf9%26o%3D&w=1080&q=75,https://www.stay22.com/allez/booking?aid=tripplannerai&campaign=build-itinerary~ad36c165-ea5c-40fe-907f-8c86a228a829~date:2024-04-29&checkin=2024-10-06&checkout=2024-10-07&link=https%3A//www.booking.com/hotel/eg/nile-compound-luxor.html%3Faid%3D1607597%26checkin%3D2024-07-28%26checkout%3D2024-07-29%26no_rooms%3D1%26group_adults%3D2%26selected_currency%3DUSD
Luxor,Lotus Luxor Hotel,Khalid Ibn Walid. Corniche El Nil. East Bank. Luxor,8.3,https://tripplanner.ai/_next/image?url=https%3A%2F%2Fq-xx.bstatic.com%2Fxdata%2Fimages%2Fhotel%2Fmax500%2F352183153.jpg%3Fk%3D8767d8040e31d86f737e78f98b39c8c5d898850937ce5ca89b4040b0a9d79abe%26o%3D&w=1080&q=75,https://www.stay22.com/allez/booking?aid=tripplannerai&campaign=build-itinerary~ad36c165-ea5c-40fe-907f-8c86a228a829~date:2024-04-29&checkin=2024-10-06&checkout=2024-10-07&link=https%3A//www.booking.com/hotel/eg/lotus-luxor-luxor.html%3Faid%3D1607597%26checkin%3D2024-07-28%26checkout%3D2024-07-29%26no_rooms%3D1%26group_adults%3D2%26selected_currency%3DUSD
Luxor,Steigenberger Nile Palace Luxor - Convention Center,Khaled Ben Walid St. Luxor,9.1,https://tripplanner.ai/_next/image?url=https%3A%2F%2Fq-xx.bstatic.com%2Fxdata%2Fimages%2Fhotel%2Fmax500%2F408981730.jpg%3Fk%3Dac952cb0bd90a5af08bf910f2c43b0cc354a599ddd68b34f2019ea0eeebce612%26o%3D&w=1080&q=75,https://www.stay22.com/allez/booking?aid=tripplannerai&campaign=build-itinerary~ad36c165-ea5c-40fe-907f-8c86a228a829~date:2024-04-29&checkin=2024-10-06&checkout=2024-10-07&link=https%3A//www.booking.com/hotel/eg/steigenberger-nile-palace-luxor.html%3Faid%3D1607597%26checkin%3D2024-07-28%26checkout%3D2024-07-29%26no_rooms%3D1%26group_adults%3D2%26selected_currency%3DUSD
Luxor,Blue Nile House,Jorf Albairat. Luxor,9.6,https://tripplanner.ai/_next/image?url=https%3A%2F%2Fq-xx.bstatic.com%2Fxdata%2Fimages%2Fhotel%2Fmax500%2F390653938.jpg%3Fk%3D17d09b029c335ba4b72e3e29ceada953a3084016e65673925daf0127f79edce2%26o%3D&w=1080&q=75,https://www.stay22.com/allez/booking?aid=tripplannerai&campaign=build-itinerary~ad36c165-ea5c-40fe-907f-8c86a228a829~date:2024-04-29&checkin=2024-10-06&checkout=2024-10-07&link=https%3A//www.booking.com/hotel/eg/blue-nile-house-luxor1.html%3Faid%3D1607597%26checkin%3D2024-07-28%26checkout%3D2024-07-29%26no_rooms%3D1%26group_adults%3D2%26selected_currency%3DUSD
Luxor,Jewel Howard Carter Hotel,Elgorf. opposite to Steigenberger Hotel. El Bairat. West bank. Luxor,9,https://tripplanner.ai/_next/image?url=https%3A%2F%2Fq-xx.bstatic.com%2Fxdata%2Fimages%2Fhotel%2Fmax500%2F406725815.jpg%3Fk%3D8189126d7a4371473d454819ee4bff4d5e1b9ba878b8fe76681bcb3f5e595ccf%26o%3D&w=1080&q=75,https://www.stay22.com/allez/booking?aid=tripplannerai&campaign=build-itinerary~ad36c165-ea5c-40fe-907f-8c86a228a829~date:2024-04-29&checkin=2024-10-06&checkout=2024-10-07&link=https%3A//www.booking.com/hotel/eg/howard-carter-guest-house.html%3Faid%3D1607597%26checkin%3D2024-07-28%26checkout%3D2024-07-29%26no_rooms%3D1%26group_adults%3D2%26selected_currency%3DUSD
Luxor,New Memnon Hotel,Memnon Street. West Bank. Luxor,9.5,https://tripplanner.ai/_next/image?url=https%3A%2F%2Fq-xx.bstatic.com%2Fxdata%2Fimages%2Fhotel%2Fmax500%2F511680735.jpg%3Fk%3Dd76c92011bcbd0a509d1b38378534e978bee2d91922dce66365f4aa9c7af1c65%26o%3D&w=1080&q=75,https://www.stay22.com/allez/booking?aid=tripplannerai&campaign=build-itinerary~ad36c165-ea5c-40fe-907f-8c86a228a829~date:2024-04-29&checkin=2024-10-06&checkout=2024-10-07&link=https%3A//www.booking.com/hotel/eg/new-memnon.html%3Faid%3D1607597%26checkin%3D2024-07-28%26checkout%3D2024-07-29%26no_rooms%3D1%26group_adults%3D2%26selected_currency%3DUSD
Luxor,Luxor Villa Hatshepsut,Cairo Road to Western Aswan. Luxor,9.6,https://tripplanner.ai/_next/image?url=https%3A%2F%2Fq-xx.bstatic.com%2Fxdata%2Fimages%2Fhotel%2Fmax500%2F504511109.jpg%3Fk%3De96f48eb11c60df3fae6830725eedfe53c5b4df1e9e84429352362d12c87e61b%26o%3D&w=1080&q=75,https://www.stay22.com/allez/booking?aid=tripplannerai&campaign=build-itinerary~ad36c165-ea5c-40fe-907f-8c86a228a829~date:2024-04-29&checkin=2024-10-06&checkout=2024-10-07&link=https%3A//www.booking.com/hotel/eg/luxor-apartment-hatshepsut.html%3Faid%3D1607597%26checkin%3D2024-07-28%26checkout%3D2024-07-29%26no_rooms%3D1%26group_adults%3D2%26selected_currency%3DUSD
Luxor,Al Baeirat Hotel,Gezira El Bairat. West Bank. Luxor,9.2,https://tripplanner.ai/_next/image?url=https%3A%2F%2Fq-xx.bstatic.com%2Fxdata%2Fimages%2Fhotel%2Fmax500%2F11516918.jpg%3Fk%3Dd269580e91b531b6da7207cc079e71ca1c93aabb430df1365fea95522ef752a1%26o%3D&w=1080&q=75,https://www.stay22.com/allez/booking?aid=tripplannerai&campaign=build-itinerary~ad36c165-ea5c-40fe-907f-8c86a228a829~date:2024-04-29&checkin=2024-10-06&checkout=2024-10-07&link=https%3A//www.booking.com/hotel/eg/al-baeirat.html%3Faid%3D1607597%26checkin%3D2024-07-28%26checkout%3D2024-07-29%26no_rooms%3D1%26group_adults%3D2%26selected_currency%3DUSD
Luxor,Malkata House,Near the temple of Medinat Habu Al Bairat. Luxor,9.4,https://tripplanner.ai/_next/image?url=https%3A%2F%2Fq-xx.bstatic.com%2Fxdata%2Fimages%2Fhotel%2Fmax500%2F285814541.jpg%3Fk%3Daf1e0487f5994a772c3b2763807e6ceac00e3409af2b39cf90d6e4a162b2cc4f%26o%3D&w=1080&q=75,https://www.stay22.com/allez/booking?aid=tripplannerai&campaign=build-itinerary~ad36c165-ea5c-40fe-907f-8c86a228a829~date:2024-04-29&checkin=2024-10-06&checkout=2024-10-07&link=https%3A//www.booking.com/hotel/eg/malkata-house.html%3Faid%3D1607597%26checkin%3D2024-07-28%26checkout%3D2024-07-29%26no_rooms%3D1%26group_adults%3D2%26selected_currency%3DUSD
Luxor,Sphinx Luxor Apartment,Luxor Bridge. Luxor,9.5,https://tripplanner.ai/_next/image?url=https%3A%2F%2Fq-xx.bstatic.com%2Fxdata%2Fimages%2Fhotel%2Fmax500%2F334263726.jpg%3Fk%3D46596dde07572e06de43a9fcbc153c31c804f60cb60bfa197f0c0b9d5f50a80c%26o%3D&w=1080&q=75,https://www.stay22.com/allez/booking?aid=tripplannerai&campaign=build-itinerary~ad36c165-ea5c-40fe-907f-8c86a228a829~date:2024-04-29&checkin=2024-10-06&checkout=2024-10-07&link=https%3A//www.booking.com/hotel/eg/sphinx-luxor-apartment.html%3Faid%3D1607597%26checkin%3D2024-07-28%26checkout%3D2024-07-29%26no_rooms%3D1%26group_adults%3D2%26selected_currency%3DUSD
Aswan,Philae Hotel Aswan,79 Cormiche El Nile Street. Aswan,6.3,https://tripplanner.ai/_next/image?url=https%3A%2F%2Fq-xx.bstatic.com%2Fxdata%2Fimages%2Fhotel%2Fmax500%2F12595760.jpg%3Fk%3De74fc5f50f8dd70b47526d6fa84f90b2bfde2501afa0cfd9d0f8d05b0d924b52%26o%3D&w=1080&q=75,https://www.stay22.com/allez/booking?aid=tripplannerai&campaign=build-itinerary~752a23eb-c27b-4f3b-bf6b-4a601f19970d~date:2024-04-29&checkin=2024-05-13&checkout=2024-05-13&link=https%3A//www.booking.com/hotel/eg/philae.html%3Faid%3D1607597%26checkin%3D2024-07-27%26checkout%3D2024-07-28%26no_rooms%3D1%26group_adults%3D2%26selected_currency%3DUSD
Aswan,Cleopatra Hotel,Saad Zaghloul. Aswan,8.8,https://tripplanner.ai/_next/image?url=https%3A%2F%2Fq-xx.bstatic.com%2Fxdata%2Fimages%2Fhotel%2Fmax500%2F197356874.jpg%3Fk%3D774b7e1903e39ff767b9ca2aa752db27242f97a450a3e7dd835b07be903edc69%26o%3D&w=1080&q=75,https://www.stay22.com/allez/booking?aid=tripplannerai&campaign=build-itinerary~752a23eb-c27b-4f3b-bf6b-4a601f19970d~date:2024-04-29&checkin=2024-05-13&checkout=2024-05-13&link=https%3A//www.booking.com/hotel/eg/cleopatra-qism-aswan.html%3Faid%3D1607597%26checkin%3D2024-07-27%26checkout%3D2024-07-28%26no_rooms%3D1%26group_adults%3D2%26selected_currency%3DUSD
Aswan,Citymax Hotel Aswan,Kornish Al Nile. Besides CIB Bank. Aswan,9,https://tripplanner.ai/_next/image?url=https%3A%2F%2Fq-xx.bstatic.com%2Fxdata%2Fimages%2Fhotel%2Fmax500%2F269280700.jpg%3Fk%3D84b5ce0996817ef831a187b40a2416d081d84a20b4676093eb972afb9eaac85a%26o%3D&w=1080&q=75,https://www.stay22.com/allez/booking?aid=tripplannerai&campaign=build-itinerary~752a23eb-c27b-4f3b-bf6b-4a601f19970d~date:2024-04-29&checkin=2024-05-13&checkout=2024-05-13&link=https%3A//www.booking.com/hotel/eg/citymax-aswan-plaza.html%3Faid%3D1607597%26checkin%3D2024-07-27%26checkout%3D2024-07-28%26no_rooms%3D1%26group_adults%3D2%26selected_currency%3DUSD
Aswan,Taharka Nubian House,Elephantine Island. Aswan,8.4,https://tripplanner.ai/_next/image?url=https%3A%2F%2Fq-xx.bstatic.com%2Fxdata%2Fimages%2Fhotel%2Fmax500%2F317820802.jpg%3Fk%3De2a49b0bc8e5b6acd10e9424c1b594c34e40e273c76b05fad9526fc7445f8536%26o%3D&w=1080&q=75,https://www.stay22.com/allez/booking?aid=tripplannerai&campaign=build-itinerary~752a23eb-c27b-4f3b-bf6b-4a601f19970d~date:2024-04-29&checkin=2024-05-13&checkout=2024-05-13&link=https%3A//www.booking.com/hotel/eg/taharka-nubian-house-aswan-aswan1.html%3Faid%3D1607597%26checkin%3D2024-07-27%26checkout%3D2024-07-28%26no_rooms%3D1%26group_adults%3D2%26selected_currency%3DUSD
Aswan,Taharka,elephatine island aswan. Aswan,9.3,https://tripplanner.ai/_next/image?url=https%3A%2F%2Fq-xx.bstatic.com%2Fxdata%2Fimages%2Fhotel%2Fmax500%2F498715030.jpg%3Fk%3D2f677a9a1cafcb3d721a61391017385ccfe4b94cb3e5fbed77dd4130e4f42d03%26o%3D&w=1080&q=75,https://www.stay22.com/allez/booking?aid=tripplannerai&campaign=build-itinerary~752a23eb-c27b-4f3b-bf6b-4a601f19970d~date:2024-04-29&checkin=2024-05-13&checkout=2024-05-13&link=https%3A//www.booking.com/hotel/eg/nuba-one.html%3Faid%3D1607597%26checkin%3D2024-07-27%26checkout%3D2024-07-28%26no_rooms%3D1%26group_adults%3D2%26selected_currency%3DUSD
Aswan,Airkela Nuba Dool2,elephantine island. Aswan,9.8,https://tripplanner.ai/_next/image?url=https%3A%2F%2Fq-xx.bstatic.com%2Fxdata%2Fimages%2Fhotel%2Fmax500%2F418245850.jpg%3Fk%3D7bf473adcb9228d016e6e6f524c54fe8c965304bf2a120410f59c36f5f014637%26o%3D&w=1080&q=75,https://www.stay22.com/allez/booking?aid=tripplannerai&campaign=build-itinerary~752a23eb-c27b-4f3b-bf6b-4a601f19970d~date:2024-04-29&checkin=2024-05-13&checkout=2024-05-13&link=https%3A//www.booking.com/hotel/eg/anbeasa-nubadool2-aswan3.html%3Faid%3D1607597%26checkin%3D2024-07-27%26checkout%3D2024-07-28%26no_rooms%3D1%26group_adults%3D2%26selected_currency%3DUSD
Aswan,The Mango Guest House,Abbas Farid. Aswan,8.7,https://tripplanner.ai/_next/image?url=https%3A%2F%2Fq-xx.bstatic.com%2Fxdata%2Fimages%2Fhotel%2Fmax500%2F350546113.jpg%3Fk%3D1ece253bdadec90d2279e2b967caa2c2d44cc61953d1d84447dcf9ad221e6816%26o%3D&w=1080&q=75,https://www.stay22.com/allez/booking?aid=tripplannerai&campaign=build-itinerary~752a23eb-c27b-4f3b-bf6b-4a601f19970d~date:2024-04-29&checkin=2024-05-13&checkout=2024-05-13&link=https%3A//www.booking.com/hotel/eg/the-mango-guest-house.html%3Faid%3D1607597%26checkin%3D2024-07-27%26checkout%3D2024-07-28%26no_rooms%3D1%26group_adults%3D2%26selected_currency%3DUSD
Aswan,Hamo Guest House,Unnamed Road Hamo House. elephantine island. Aswan. Egypt. Aswan,9.3,https://tripplanner.ai/_next/image?url=https%3A%2F%2Fq-xx.bstatic.com%2Fxdata%2Fimages%2Fhotel%2Fmax500%2F409575596.jpg%3Fk%3D023ef2bedde14514a5a0670b317f5bcad135dcaf37933ee4170ec438ad28cd74%26o%3D&w=1080&q=75,https://www.stay22.com/allez/booking?aid=tripplannerai&campaign=build-itinerary~752a23eb-c27b-4f3b-bf6b-4a601f19970d~date:2024-04-29&checkin=2024-05-13&checkout=2024-05-13&link=https%3A//www.booking.com/hotel/eg/hamo-house-aswan.html%3Faid%3D1607597%26checkin%3D2024-07-27%26checkout%3D2024-07-28%26no_rooms%3D1%26group_adults%3D2%26selected_currency%3DUSD
Aswan,Kana Kato,elep. Aswan,8,https://tripplanner.ai/_next/image?url=https%3A%2F%2Fq-xx.bstatic.com%2Fxdata%2Fimages%2Fhotel%2Fmax500%2F497558049.jpg%3Fk%3D3ab92f98b1d9db9ff994dbe21f6e4f81ccf6e36025ff21c93d4d66428b0be9f9%26o%3D&w=1080&q=75,https://www.stay22.com/allez/booking?aid=tripplannerai&campaign=build-itinerary~752a23eb-c27b-4f3b-bf6b-4a601f19970d~date:2024-04-29&checkin=2024-05-13&checkout=2024-05-13&link=https%3A//www.booking.com/hotel/eg/kana-kato-aswan.html%3Faid%3D1607597%26checkin%3D2024-07-27%26checkout%3D2024-07-28%26no_rooms%3D1%26group_adults%3D2%26selected_currency%3DUSD
Aswan,El Prince Guesthouse,Elephantine Island. Aswan,9.7,https://tripplanner.ai/_next/image?url=https%3A%2F%2Fq-xx.bstatic.com%2Fxdata%2Fimages%2Fhotel%2Fmax500%2F284041389.jpg%3Fk%3D030528e0629a2ec56f9674f2b3a3e5be1ab593dac1a800d3afe0e6e46435f9ab%26o%3D&w=1080&q=75,https://www.stay22.com/allez/booking?aid=tripplannerai&campaign=build-itinerary~752a23eb-c27b-4f3b-bf6b-4a601f19970d~date:2024-04-29&checkin=2024-05-13&checkout=2024-05-13&link=https%3A//www.booking.com/hotel/eg/el-prince-guesthouse.html%3Faid%3D1607597%26checkin%3D2024-07-27%26checkout%3D2024-07-28%26no_rooms%3D1%26group_adults%3D2%26selected_currency%3DUSD
Aswan,Houseboat Hotel and Nile Cruises Zainoba,Mini nile curise. Nag` el-Ramla,9,https://tripplanner.ai/_next/image?url=https%3A%2F%2Fq-xx.bstatic.com%2Fxdata%2Fimages%2Fhotel%2Fmax500%2F509146216.jpg%3Fk%3D5a9c9ccdae2e7eddc58a69406aee7056478e27278756ad68742a30c021235a43%26o%3D&w=1080&q=75,https://www.stay22.com/allez/booking?aid=tripplannerai&campaign=build-itinerary~752a23eb-c27b-4f3b-bf6b-4a601f19970d~date:2024-04-29&checkin=2024-05-13&checkout=2024-05-13&link=https%3A//www.booking.com/hotel/eg/mini-nile-curise.html%3Faid%3D1607597%26checkin%3D2024-07-27%26checkout%3D2024-07-28%26no_rooms%3D1%26group_adults%3D2%26selected_currency%3DUSD
Aswan,Anakob,elphantine island sheyakha ola. aswan. Aswan,9.7,https://tripplanner.ai/_next/image?url=https%3A%2F%2Fq-xx.bstatic.com%2Fxdata%2Fimages%2Fhotel%2Fmax500%2F200881801.jpg%3Fk%3Dfdbaa36df0a87bb76c15dafe9543e138b56cec05d67b621058b8599f50777c79%26o%3D&w=1080&q=75,https://www.stay22.com/allez/booking?aid=tripplannerai&campaign=build-itinerary~752a23eb-c27b-4f3b-bf6b-4a601f19970d~date:2024-04-29&checkin=2024-05-13&checkout=2024-05-13&link=https%3A//www.booking.com/hotel/eg/anakob.html%3Faid%3D1607597%26checkin%3D2024-07-27%26checkout%3D2024-07-28%26no_rooms%3D1%26group_adults%3D2%26selected_currency%3DUSD
Aswan,Nubian Farm Aswan,saloga and gazal national park . west bank of Aswan saloga and gazal national park . west bank of Aswan. Aswan,9.4,https://tripplanner.ai/_next/image?url=https%3A%2F%2Fq-xx.bstatic.com%2Fxdata%2Fimages%2Fhotel%2Fmax500%2F322551567.jpg%3Fk%3Dacf0900eb75453e05356c5de6121b69818f6372fb5b50c9c00550d0987725320%26o%3D&w=1080&q=75,https://www.stay22.com/allez/booking?aid=tripplannerai&campaign=build-itinerary~752a23eb-c27b-4f3b-bf6b-4a601f19970d~date:2024-04-29&checkin=2024-05-13&checkout=2024-05-13&link=https%3A//www.booking.com/hotel/eg/nubian-farm-aswan.html%3Faid%3D1607597%26checkin%3D2024-07-27%26checkout%3D2024-07-28%26no_rooms%3D1%26group_adults%3D2%26selected_currency%3DUSD
Aswan,Kato Waidi Nubian Resort,Gharb Suhyl Nubian House Gharb Suhyl. Aswan,9.2,https://tripplanner.ai/_next/image?url=https%3A%2F%2Fq-xx.bstatic.com%2Fxdata%2Fimages%2Fhotel%2Fmax500%2F423979619.jpg%3Fk%3D61ee66b457e831c31f058787e58d4c2b88f850014a386e4f1da7b206ae5008eb%26o%3D&w=1080&q=75,https://www.stay22.com/allez/booking?aid=tripplannerai&campaign=build-itinerary~752a23eb-c27b-4f3b-bf6b-4a601f19970d~date:2024-04-29&checkin=2024-05-13&checkout=2024-05-13&link=https%3A//www.booking.com/hotel/eg/ka-waidi-nubian-house.html%3Faid%3D1607597%26checkin%3D2024-07-27%26checkout%3D2024-07-28%26no_rooms%3D1%26group_adults%3D2%26selected_currency%3DUSD
Aswan,Artika Wadi Kiki Hotel,Gharb Sohail Village. West Bank. Nubia. Aswan. Aswan,9.2,https://tripplanner.ai/_next/image?url=https%3A%2F%2Fq-xx.bstatic.com%2Fxdata%2Fimages%2Fhotel%2Fmax500%2F494482685.jpg%3Fk%3D08c2678942e1db962955f14b7f931f34ce607667d1bc631884f59346b9c94d4d%26o%3D&w=1080&q=75,https://www.stay22.com/allez/booking?aid=tripplannerai&campaign=build-itinerary~752a23eb-c27b-4f3b-bf6b-4a601f19970d~date:2024-04-29&checkin=2024-05-13&checkout=2024-05-13&link=https%3A//www.booking.com/hotel/eg/artika.html%3Faid%3D1607597%26checkin%3D2024-07-27%26checkout%3D2024-07-28%26no_rooms%3D1%26group_adults%3D2%26selected_currency%3DUSD
Aswan,Private House with Garden and terrace in Aswan,Shenouda street. Nagaa Al-Karur. Aswan,8.4,https://tripplanner.ai/_next/image?url=https%3A%2F%2Fq-xx.bstatic.com%2Fxdata%2Fimages%2Fhotel%2Fmax500%2F321321353.jpg%3Fk%3D94d07f61072ba8bc7d880c35c7d2facc487fe2184f3df07976bf5d9b069055d1%26o%3D&w=1080&q=75,https://www.stay22.com/allez/booking?aid=tripplannerai&campaign=build-itinerary~752a23eb-c27b-4f3b-bf6b-4a601f19970d~date:2024-04-29&checkin=2024-05-13&checkout=2024-05-13&link=https%3A//www.booking.com/hotel/eg/private-house-with-garden-and-terrace-in-aswan.html%3Faid%3D1607597%26checkin%3D2024-07-27%26checkout%3D2024-07-28%26no_rooms%3D1%26group_adults%3D2%26selected_currency%3DUSD
Aswan,Villa Misk,Pateniol East of Aswan Dam. Aswan. Aswan,9.4,https://tripplanner.ai/_next/image?url=https%3A%2F%2Fq-xx.bstatic.com%2Fxdata%2Fimages%2Fhotel%2Fmax500%2F194360558.jpg%3Fk%3D3508710ca09d330cbe758b2b33192dd09487d93e48c7c42be51a36d0a18f43f0%26o%3D&w=1080&q=75,https://www.stay22.com/allez/booking?aid=tripplannerai&campaign=build-itinerary~752a23eb-c27b-4f3b-bf6b-4a601f19970d~date:2024-04-29&checkin=2024-05-13&checkout=2024-05-13&link=https%3A//www.booking.com/hotel/eg/villa-misk.html%3Faid%3D1607597%26checkin%3D2024-07-27%26checkout%3D2024-07-28%26no_rooms%3D1%26group_adults%3D2%26selected_currency%3DUSD
Hurghada,La Casa Beach,Sheraton Road. Hurghada,8.6,https://tripplanner.ai/_next/image?url=https%3A%2F%2Fq-xx.bstatic.com%2Fxdata%2Fimages%2Fhotel%2Fmax500%2F363953514.jpg%3Fk%3Dda82c5c2bea1055def845e8790ddab42fbee4ae054a2d55f9893854f634c3481%26o%3D&w=1080&q=75,https://www.stay22.com/allez/booking?aid=tripplannerai&campaign=build-itinerary~6f0a9b12-953b-4b0f-a8aa-b28f9501e4b1~date:2024-04-29&checkin=2024-05-20&checkout=2024-05-21&link=https%3A//www.booking.com/hotel/eg/la-casa-beach-hurghada.html%3Faid%3D1607597%26checkin%3D2024-07-28%26checkout%3D2024-07-29%26no_rooms%3D1%26group_adults%3D4%26selected_currency%3DUSD
Hurghada,Shellghada Blue Beach,Old Sheraton Road. Hurghada,8.1,https://tripplanner.ai/_next/image?url=https%3A%2F%2Fq-xx.bstatic.com%2Fxdata%2Fimages%2Fhotel%2Fmax500%2F445453761.jpg%3Fk%3D6acdbf5bf942fd3abf00e4f4750bd8d753692f15dae27d7b0581cdf9ea9497ea%26o%3D&w=1080&q=75,https://www.stay22.com/allez/booking?aid=tripplannerai&campaign=build-itinerary~6f0a9b12-953b-4b0f-a8aa-b28f9501e4b1~date:2024-04-29&checkin=2024-05-20&checkout=2024-05-21&link=https%3A//www.booking.com/hotel/eg/shellghada-blue-beach.html%3Faid%3D1607597%26checkin%3D2024-07-28%26checkout%3D2024-07-29%26no_rooms%3D1%26group_adults%3D4%26selected_currency%3DUSD
Hurghada,Cordoba Suites,Bowling Street 271. Al Kawthar District. Hurghada,8.3,https://tripplanner.ai/_next/image?url=https%3A%2F%2Fq-xx.bstatic.com%2Fxdata%2Fimages%2Fhotel%2Fmax500%2F157822140.jpg%3Fk%3D5bab43bc035a2c3a20dc39202667498dea751d9530edb022a958ae4ce731c1a4%26o%3D&w=1080&q=75,https://www.stay22.com/allez/booking?aid=tripplannerai&campaign=build-itinerary~6f0a9b12-953b-4b0f-a8aa-b28f9501e4b1~date:2024-04-29&checkin=2024-05-20&checkout=2024-05-21&link=https%3A//www.booking.com/hotel/eg/cordoba-suits.html%3Faid%3D1607597%26checkin%3D2024-07-28%26checkout%3D2024-07-29%26no_rooms%3D1%26group_adults%3D4%26selected_currency%3DUSD
Hurghada,Solymar Ivory Suites,El Kawsar District. Hurghada,8.1,https://tripplanner.ai/_next/image?url=https%3A%2F%2Fq-xx.bstatic.com%2Fxdata%2Fimages%2Fhotel%2Fmax500%2F273570152.jpg%3Fk%3D4c52148b02d4b6606207233ef3e10865bd9a9ff4e7c56e0921cd89098a2e501b%26o%3D&w=1080&q=75,https://www.stay22.com/allez/booking?aid=tripplannerai&campaign=build-itinerary~6f0a9b12-953b-4b0f-a8aa-b28f9501e4b1~date:2024-04-29&checkin=2024-05-20&checkout=2024-05-21&link=https%3A//www.booking.com/hotel/eg/sol-y-mar-ivory-suites.html%3Faid%3D1607597%26checkin%3D2024-07-28%26checkout%3D2024-07-29%26no_rooms%3D1%26group_adults%3D4%26selected_currency%3DUSD
Hurghada,Serenity Home Hurghada,Sahl Hashish Road Villa No. 213 Mubarak 6 District. Hurghada,8.8,https://tripplanner.ai/_next/image?url=https%3A%2F%2Fq-xx.bstatic.com%2Fxdata%2Fimages%2Fhotel%2Fmax500%2F206526318.jpg%3Fk%3Dccffbf7fcf71d0bbd40079b86c620112cd0fcb3b0f7cbfd801a1d87406f93cdb%26o%3D&w=1080&q=75,https://www.stay22.com/allez/booking?aid=tripplannerai&campaign=build-itinerary~6f0a9b12-953b-4b0f-a8aa-b28f9501e4b1~date:2024-04-29&checkin=2024-05-20&checkout=2024-05-21&link=https%3A//www.booking.com/hotel/eg/serenity-home-hurghada-hurghada.html%3Faid%3D1607597%26checkin%3D2024-07-28%26checkout%3D2024-07-29%26no_rooms%3D1%26group_adults%3D4%26selected_currency%3DUSD
Alexandria,Mirage Hotel & Conference Center,Victor Emmanuel Square. Smouha. Alexandria. Alexandria,9,https://tripplanner.ai/_next/image?url=https%3A%2F%2Fq-xx.bstatic.com%2Fxdata%2Fimages%2Fhotel%2Fmax500%2F496121834.jpg%3Fk%3D1440772109b716bf2f122ea4e34460801b81ba7b8755fcd599c1ab22417b1f6b%26o%3D&w=1080&q=75,https://www.stay22.com/allez/booking?aid=tripplannerai&campaign=build-itinerary~32c77364-d158-4a5d-9b89-3cb74d94c5f5~date:2024-04-29&checkin=2024-05-01&checkout=2024-05-07&link=https%3A//www.booking.com/hotel/eg/mirage-alexandria.html%3Faid%3D1607597%26checkin%3D2024-07-27%26checkout%3D2024-07-28%26no_rooms%3D1%26group_adults%3D3%26selected_currency%3DUSD
Alexandria,Stanley Bridge Apartment,12 Shohdy Basha street stanly. Alexandria,8.4,https://tripplanner.ai/_next/image?url=https%3A%2F%2Fq-xx.bstatic.com%2Fxdata%2Fimages%2Fhotel%2Fmax500%2F516690043.jpg%3Fk%3De0c647bac3c1476eafa6afd1068bca658bf6b41cc67ecf1d30bb4661227e9cfb%26o%3D&w=1080&q=75,https://www.stay22.com/allez/booking?aid=tripplannerai&campaign=build-itinerary~32c77364-d158-4a5d-9b89-3cb74d94c5f5~date:2024-04-29&checkin=2024-05-01&checkout=2024-05-07&link=https%3A//www.booking.com/hotel/eg/stanley-bridge-apartment.html%3Faid%3D1607597%26checkin%3D2024-07-27%26checkout%3D2024-07-28%26no_rooms%3D1%26group_adults%3D3%26selected_currency%3DUSD
Alexandria,Gleem Luxury Apartments,366 El-Gaish Road gleem. Alexandria,9.7,https://tripplanner.ai/_next/image?url=https%3A%2F%2Fq-xx.bstatic.com%2Fxdata%2Fimages%2Fhotel%2Fmax500%2F330278162.jpg%3Fk%3D8fbd72cc6b18b10e647f697027c6aaa4b9caf83b3b36838570a83806e579f70b%26o%3D&w=1080&q=75,https://www.stay22.com/allez/booking?aid=tripplannerai&campaign=build-itinerary~32c77364-d158-4a5d-9b89-3cb74d94c5f5~date:2024-04-29&checkin=2024-05-01&checkout=2024-05-07&link=https%3A//www.booking.com/hotel/eg/gleem-luxury-appartments.html%3Faid%3D1607597%26checkin%3D2024-07-27%26checkout%3D2024-07-28%26no_rooms%3D1%26group_adults%3D3%26selected_currency%3DUSD
Alexandria,Santorini Seafront Stay,38 el geish road. Ebrahemia 4 Floor Apartment 3. Alexandria,9,https://tripplanner.ai/_next/image?url=https%3A%2F%2Fq-xx.bstatic.com%2Fxdata%2Fimages%2Fhotel%2Fmax500%2F338406228.jpg%3Fk%3D39114e534d12560c9d42d249124776cbc1a18631bca91df27a41fe153309b529%26o%3D&w=1080&q=75,https://www.stay22.com/allez/booking?aid=tripplannerai&campaign=build-itinerary~32c77364-d158-4a5d-9b89-3cb74d94c5f5~date:2024-04-29&checkin=2024-05-01&checkout=2024-05-07&link=https%3A//www.booking.com/hotel/eg/santorini-seaside-stay.html%3Faid%3D1607597%26checkin%3D2024-07-27%26checkout%3D2024-07-28%26no_rooms%3D1%26group_adults%3D3%26selected_currency%3DUSD
Alexandria,Alexander House,428 El-Gaish Road. Alexandria,9.4,https://tripplanner.ai/_next/image?url=https%3A%2F%2Fq-xx.bstatic.com%2Fxdata%2Fimages%2Fhotel%2Fmax500%2F372692529.jpg%3Fk%3D2c344508f5abf15d9b78c68f6736956b3d99fe0a1c64ed135dc103c05294357e%26o%3D&w=1080&q=75,https://www.stay22.com/allez/booking?aid=tripplannerai&campaign=build-itinerary~32c77364-d158-4a5d-9b89-3cb74d94c5f5~date:2024-04-29&checkin=2024-05-01&checkout=2024-05-07&link=https%3A//www.booking.com/hotel/eg/alexander-house.html%3Faid%3D1607597%26checkin%3D2024-07-27%26checkout%3D2024-07-28%26no_rooms%3D1%26group_adults%3D3%26selected_currency%3DUSD
Alexandria,Arabian Nights in the heart of historic Alexandria,14 Abd El-Baset Lane floor 9. Alexandria,8.9,https://tripplanner.ai/_next/image?url=https%3A%2F%2Fq-xx.bstatic.com%2Fxdata%2Fimages%2Fhotel%2Fmax500%2F296201297.jpg%3Fk%3D9664cd9179b2f90cda98522464d2f4ab6924c0603b1a14976a3778aba343e40a%26o%3D&w=1080&q=75,https://www.stay22.com/allez/booking?aid=tripplannerai&campaign=build-itinerary~32c77364-d158-4a5d-9b89-3cb74d94c5f5~date:2024-04-29&checkin=2024-05-01&checkout=2024-05-07&link=https%3A//www.booking.com/hotel/eg/arabian-nights-in-the-heart-of-historic-alexandria.html%3Faid%3D1607597%26checkin%3D2024-07-27%26checkout%3D2024-07-28%26no_rooms%3D1%26group_adults%3D3%26selected_currency%3DUSD
Alexandria,Royal Jewel Al Raml Hotel,Raml Station. Al Attarin. Alexandria,8.3,https://tripplanner.ai/_next/image?url=https%3A%2F%2Fq-xx.bstatic.com%2Fxdata%2Fimages%2Fhotel%2Fmax500%2F274660552.jpg%3Fk%3Dd4088821d6bf7ae760592bc36343a29955e5b0e6722ed0afc503ed76624fdf1e%26o%3D&w=1080&q=75,https://www.stay22.com/allez/booking?aid=tripplannerai&campaign=build-itinerary~32c77364-d158-4a5d-9b89-3cb74d94c5f5~date:2024-04-29&checkin=2024-05-01&checkout=2024-05-07&link=https%3A//www.booking.com/hotel/eg/royal-jewel-al-raml.html%3Faid%3D1607597%26checkin%3D2024-07-27%26checkout%3D2024-07-28%26no_rooms%3D1%26group_adults%3D3%26selected_currency%3DUSD
Alexandria,Hilton Alexandria Corniche,544 El Geish Road . Sidi Bishr. Alexandria,8.1,https://tripplanner.ai/_next/image?url=https%3A%2F%2Fq-xx.bstatic.com%2Fxdata%2Fimages%2Fhotel%2Fmax500%2F504400856.jpg%3Fk%3D0017eebdb5b09533a13c768bc0b8ed5509440c2cd1639a50f3dc0801c5bc958b%26o%3D&w=1080&q=75,https://www.stay22.com/allez/booking?aid=tripplannerai&campaign=build-itinerary~32c77364-d158-4a5d-9b89-3cb74d94c5f5~date:2024-04-29&checkin=2024-05-01&checkout=2024-05-07&link=https%3A//www.booking.com/hotel/eg/hilton-alexandria-corniche.html%3Faid%3D1607597%26checkin%3D2024-07-27%26checkout%3D2024-07-28%26no_rooms%3D1%26group_adults%3D3%26selected_currency%3DUSD
Alexandria,Breathtaking Wide Seaview Apartment,581 El-Gaish Road. Sidi Beshr Bahari. Alexandria,9,https://tripplanner.ai/_next/image?url=https%3A%2F%2Fq-xx.bstatic.com%2Fxdata%2Fimages%2Fhotel%2Fmax500%2F259832199.jpg%3Fk%3D092d9492f26ed607aa4c8a759ef40e97284254fe39cf46b874c1557511a665af%26o%3D&w=1080&q=75,https://www.stay22.com/allez/booking?aid=tripplannerai&campaign=build-itinerary~32c77364-d158-4a5d-9b89-3cb74d94c5f5~date:2024-04-29&checkin=2024-05-01&checkout=2024-05-07&link=https%3A//www.booking.com/hotel/eg/amazing-sea-front-3-bedroom-apartment.html%3Faid%3D1607597%26checkin%3D2024-07-27%26checkout%3D2024-07-28%26no_rooms%3D1%26group_adults%3D3%26selected_currency%3DUSD
Alexandria,Downtown Sea View Suites,10 Al Bostani Manshia. Alexandria,9,https://tripplanner.ai/_next/image?url=https%3A%2F%2Fq-xx.bstatic.com%2Fxdata%2Fimages%2Fhotel%2Fmax500%2F239166149.jpg%3Fk%3D39baeaec7143f59fabc144d68550e2c7e0c078c7d04c7a2b08832bbada663668%26o%3D&w=1080&q=75,https://www.stay22.com/allez/booking?aid=tripplannerai&campaign=build-itinerary~32c77364-d158-4a5d-9b89-3cb74d94c5f5~date:2024-04-29&checkin=2024-05-01&checkout=2024-05-07&link=https%3A//www.booking.com/hotel/eg/downtown-sea-view-suites.html%3Faid%3D1607597%26checkin%3D2024-07-27%26checkout%3D2024-07-28%26no_rooms%3D1%26group_adults%3D3%26selected_currency%3DUSD
Alexandria,Sea View Paradise,26 Al Abbaseri. Alexandria,9.2,https://tripplanner.ai/_next/image?url=https%3A%2F%2Fq-xx.bstatic.com%2Fxdata%2Fimages%2Fhotel%2Fmax500%2F334310976.jpg%3Fk%3D7be134cfb427fa0191eb5ea78acfdb3542f0b9f7fee75199ef924b0e567cdaa1%26o%3D&w=1080&q=75,https://www.stay22.com/allez/booking?aid=tripplannerai&campaign=build-itinerary~32c77364-d158-4a5d-9b89-3cb74d94c5f5~date:2024-04-29&checkin=2024-05-01&checkout=2024-05-07&link=https%3A//www.booking.com/hotel/eg/sea-view-paradise.html%3Faid%3D1607597%26checkin%3D2024-07-27%26checkout%3D2024-07-28%26no_rooms%3D1%26group_adults%3D3%26selected_currency%3DUSD
Alexandria,SEA VIEW PARADISE 2,26 Al Abbaseri. Alexandria,9.1,https://tripplanner.ai/_next/image?url=https%3A%2F%2Fq-xx.bstatic.com%2Fxdata%2Fimages%2Fhotel%2Fmax500%2F334321069.jpg%3Fk%3Dffffa11c4d9f203659158619f74aaa9d92326431cbe0761cf5ce2bd37dedcab5%26o%3D&w=1080&q=75,https://www.stay22.com/allez/booking?aid=tripplannerai&campaign=build-itinerary~32c77364-d158-4a5d-9b89-3cb74d94c5f5~date:2024-04-29&checkin=2024-05-01&checkout=2024-05-07&link=https%3A//www.booking.com/hotel/eg/sea-view-paradise-2.html%3Faid%3D1607597%26checkin%3D2024-07-27%26checkout%3D2024-07-28%26no_rooms%3D1%26group_adults%3D3%26selected_currency%3DUSD
Alexandria,Al Raya Apartments,Building num. 3.13th street. Al mamora beash. Alexandria,8.4,https://tripplanner.ai/_next/image?url=https%3A%2F%2Fq-xx.bstatic.com%2Fxdata%2Fimages%2Fhotel%2Fmax500%2F225467097.jpg%3Fk%3Da0f131aeeee86526cb24603595c824c51d22cfd2ee05ddc5c130a54adeb7ad20%26o%3D&w=1080&q=75,https://www.stay22.com/allez/booking?aid=tripplannerai&campaign=build-itinerary~32c77364-d158-4a5d-9b89-3cb74d94c5f5~date:2024-04-29&checkin=2024-05-01&checkout=2024-05-07&link=https%3A//www.booking.com/hotel/eg/el-raya.html%3Faid%3D1607597%26checkin%3D2024-07-27%26checkout%3D2024-07-28%26no_rooms%3D1%26group_adults%3D3%26selected_currency%3DUSD
Alexandria,Radisson Blu Hotel Alexandria,Mehwar El Taameer. Northern Coast Road 23 Km.. Alexandria,8.1,https://tripplanner.ai/_next/image?url=https%3A%2F%2Fq-xx.bstatic.com%2Fxdata%2Fimages%2Fhotel%2Fmax500%2F374839747.jpg%3Fk%3D64a3f1cd326932703118e2adce5c38d5fa5fba280619a97d20259290fd8c2d6e%26o%3D&w=1080&q=75,https://www.stay22.com/allez/booking?aid=tripplannerai&campaign=build-itinerary~32c77364-d158-4a5d-9b89-3cb74d94c5f5~date:2024-04-29&checkin=2024-05-01&checkout=2024-05-07&link=https%3A//www.booking.com/hotel/eg/radisson-blu.html%3Faid%3D1607597%26checkin%3D2024-07-27%26checkout%3D2024-07-28%26no_rooms%3D1%26group_adults%3D3%26selected_currency%3DUSD
Sharm El-Shaikh,Jaz Fayrouz,El Salam Road. Naama Bay. Sharm El Sheikh,8.3,https://tripplanner.ai/_next/image?url=https%3A%2F%2Fq-xx.bstatic.com%2Fxdata%2Fimages%2Fhotel%2Fmax500%2F506524277.jpg%3Fk%3D2ef370af17d6ba6ab42472e07b6dcd650bf39757990a787876402f46205378a7%26o%3D&w=1080&q=75,https://www.stay22.com/allez/booking?aid=tripplannerai&campaign=build-itinerary~98f2bb76-da4d-4782-a917-082b93e964a7~date:2024-04-29&checkin=2024-05-15&checkout=2024-05-15&link=https%3A//www.booking.com/hotel/eg/hilton-sharm-el-sheikh-fayrouz-resort.html%3Faid%3D1607597%26checkin%3D2024-07-28%26checkout%3D2024-07-29%26no_rooms%3D1%26group_adults%3D1%26selected_currency%3DUSD
Sharm El-Shaikh,Jaz Sharm Dreams,Naama Bay. Sharm El Sheikh,8.3,https://tripplanner.ai/_next/image?url=https%3A%2F%2Fq-xx.bstatic.com%2Fxdata%2Fimages%2Fhotel%2Fmax500%2F506537293.jpg%3Fk%3Da3ac2c17bdb858babd5032acc285785ebd7b99812d700d680c015d2af88e7ad5%26o%3D&w=1080&q=75,https://www.stay22.com/allez/booking?aid=tripplannerai&campaign=build-itinerary~98f2bb76-da4d-4782-a917-082b93e964a7~date:2024-04-29&checkin=2024-05-15&checkout=2024-05-15&link=https%3A//www.booking.com/hotel/eg/sharm-dreams-resort.html%3Faid%3D1607597%26checkin%3D2024-07-28%26checkout%3D2024-07-29%26no_rooms%3D1%26group_adults%3D1%26selected_currency%3DUSD
Sharm El-Shaikh,Oonas Dive Club,Naama Bay. Sharm El Sheikh,8,https://tripplanner.ai/_next/image?url=https%3A%2F%2Fq-xx.bstatic.com%2Fxdata%2Fimages%2Fhotel%2Fmax500%2F61549567.jpg%3Fk%3D29578d8ffe3f15ba0d94a5084e09527a669ea8ca7ddcf00a22d8893faec96547%26o%3D&w=1080&q=75,https://www.stay22.com/allez/booking?aid=tripplannerai&campaign=build-itinerary~98f2bb76-da4d-4782-a917-082b93e964a7~date:2024-04-29&checkin=2024-05-15&checkout=2024-05-15&link=https%3A//www.booking.com/hotel/eg/oonas-dive-club.html%3Faid%3D1607597%26checkin%3D2024-07-28%26checkout%3D2024-07-29%26no_rooms%3D1%26group_adults%3D1%26selected_currency%3DUSD
Sharm El-Shaikh,Oriental Rivoli Hotel & Spa,Peace Road. Sharm El Sheikh,8,https://tripplanner.ai/_next/image?url=https%3A%2F%2Fq-xx.bstatic.com%2Fxdata%2Fimages%2Fhotel%2Fmax500%2F253310159.jpg%3Fk%3D0201fba7df8c8a70ee72fb70393afb054074051842393910de3e32b8fd03b934%26o%3D&w=1080&q=75,https://www.stay22.com/allez/booking?aid=tripplannerai&campaign=build-itinerary~98f2bb76-da4d-4782-a917-082b93e964a7~date:2024-04-29&checkin=2024-05-15&checkout=2024-05-15&link=https%3A//www.booking.com/hotel/eg/oriental-rivoli.html%3Faid%3D1607597%26checkin%3D2024-07-28%26checkout%3D2024-07-29%26no_rooms%3D1%26group_adults%3D1%26selected_currency%3DUSD
Sharm El-Shaikh,Xperience St. George Sharm El Sheikh,Magles El-Madina Street. Um El-Sid Hill. Sharm El Sheikh,8.2,https://tripplanner.ai/_next/image?url=https%3A%2F%2Fq-xx.bstatic.com%2Fxdata%2Fimages%2Fhotel%2Fmax500%2F14313011.jpg%3Fk%3D44d8174d193ac8f0fd7c0ee2dd6f2f067087d744763a78eac1384ae1cdffe306%26o%3D&w=1080&q=75,https://www.stay22.com/allez/booking?aid=tripplannerai&campaign=build-itinerary~98f2bb76-da4d-4782-a917-082b93e964a7~date:2024-04-29&checkin=2024-05-15&checkout=2024-05-15&link=https%3A//www.booking.com/hotel/eg/xperience-st-george-homestay.html%3Faid%3D1607597%26checkin%3D2024-07-28%26checkout%3D2024-07-29%26no_rooms%3D1%26group_adults%3D1%26selected_currency%3DUSD
Sharm El-Shaikh,Sharm Inn Amarein - Boutique Hotel,Hadabet Om Elseid. Sharm El Sheikh,8.4,https://tripplanner.ai/_next/image?url=https%3A%2F%2Fq-xx.bstatic.com%2Fxdata%2Fimages%2Fhotel%2Fmax500%2F11648619.jpg%3Fk%3D74dd8754d8df1fa98d97bfde3cf0c6ff17f3cf3e1d6f09e3227c9d7142d2684e%26o%3D&w=1080&q=75,https://www.stay22.com/allez/booking?aid=tripplannerai&campaign=build-itinerary~98f2bb76-da4d-4782-a917-082b93e964a7~date:2024-04-29&checkin=2024-05-15&checkout=2024-05-15&link=https%3A//www.booking.com/hotel/eg/sharm-inn-amarein-sharm-elsheikh.html%3Faid%3D1607597%26checkin%3D2024-07-28%26checkout%3D2024-07-29%26no_rooms%3D1%26group_adults%3D1%26selected_currency%3DUSD
Sharm El-Shaikh,Verginia Sharm Resort & Aqua Park,El Motelat St..El Hadaba. Sharm El Sheikh,8.7,https://tripplanner.ai/_next/image?url=https%3A%2F%2Fq-xx.bstatic.com%2Fxdata%2Fimages%2Fhotel%2Fmax500%2F411594207.jpg%3Fk%3Dcac7bd93233ef7783d88dd78dfbbddedd884368c7fdadb0152868a4a865f0548%26o%3D&w=1080&q=75,https://www.stay22.com/allez/booking?aid=tripplannerai&campaign=build-itinerary~98f2bb76-da4d-4782-a917-082b93e964a7~date:2024-04-29&checkin=2024-05-15&checkout=2024-05-15&link=https%3A//www.booking.com/hotel/eg/verginia-sharm-resort.html%3Faid%3D1607597%26checkin%3D2024-07-28%26checkout%3D2024-07-29%26no_rooms%3D1%26group_adults%3D1%26selected_currency%3DUSD
Sharm El-Shaikh,Golf Beach Resort - Ultra All Inclusive,Um Marikha Bay. Sharm El Sheikh,8.1,https://tripplanner.ai/_next/image?url=https%3A%2F%2Fq-xx.bstatic.com%2Fxdata%2Fimages%2Fhotel%2Fmax500%2F517999686.jpg%3Fk%3D8ada050a0c171f35595ad5e8bae0f9b08251e8ee1ed9953c774c88fda8107bd2%26o%3D&w=1080&q=75,https://www.stay22.com/allez/booking?aid=tripplannerai&campaign=build-itinerary~98f2bb76-da4d-4782-a917-082b93e964a7~date:2024-04-29&checkin=2024-05-15&checkout=2024-05-15&link=https%3A//www.booking.com/hotel/eg/maritim-jolie-ville-golf-resort.html%3Faid%3D1607597%26checkin%3D2024-07-28%26checkout%3D2024-07-29%26no_rooms%3D1%26group_adults%3D1%26selected_currency%3DUSD
Sharm El-Shaikh,Amphoras Beach,Om El Seid Cliff. Sharm El Sheikh,8.2,https://tripplanner.ai/_next/image?url=https%3A%2F%2Fq-xx.bstatic.com%2Fxdata%2Fimages%2Fhotel%2Fmax500%2F219690656.jpg%3Fk%3Dab3e58645939a0b4bd4f8f4f36f2f02532a27026aff14417ddb88a8faccf5a43%26o%3D&w=1080&q=75,https://www.stay22.com/allez/booking?aid=tripplannerai&campaign=build-itinerary~98f2bb76-da4d-4782-a917-082b93e964a7~date:2024-04-29&checkin=2024-05-15&checkout=2024-05-15&link=https%3A//www.booking.com/hotel/eg/shore-amphoras.html%3Faid%3D1607597%26checkin%3D2024-07-28%26checkout%3D2024-07-29%26no_rooms%3D1%26group_adults%3D1%26selected_currency%3DUSD
Sharm El-Shaikh,Amphoras Blu,Om El Seid Cliff. Sharm El Sheikh,8.4,https://tripplanner.ai/_next/image?url=https%3A%2F%2Fq-xx.bstatic.com%2Fxdata%2Fimages%2Fhotel%2Fmax500%2F233195102.jpg%3Fk%3Dc804450b026c6cb7f2524d6d683479a8e0dc7c8ddc39af6df32d6991750cd639%26o%3D&w=1080&q=75,https://www.stay22.com/allez/booking?aid=tripplannerai&campaign=build-itinerary~98f2bb76-da4d-4782-a917-082b93e964a7~date:2024-04-29&checkin=2024-05-15&checkout=2024-05-15&link=https%3A//www.booking.com/hotel/eg/shores-aloha-resort.html%3Faid%3D1607597%26checkin%3D2024-07-28%26checkout%3D2024-07-29%26no_rooms%3D1%26group_adults%3D1%26selected_currency%3DUSD
Sharm El-Shaikh,Amphoras Aqua,El Fanar. Sharm El Sheikh,8.3,https://tripplanner.ai/_next/image?url=https%3A%2F%2Fq-xx.bstatic.com%2Fxdata%2Fimages%2Fhotel%2Fmax500%2F233026738.jpg%3Fk%3Dd47c1836c596fe0766a4ae29d34ccbf1eec6ee17a765d99dc63d47ef73f40640%26o%3D&w=1080&q=75,https://www.stay22.com/allez/booking?aid=tripplannerai&campaign=build-itinerary~98f2bb76-da4d-4782-a917-082b93e964a7~date:2024-04-29&checkin=2024-05-15&checkout=2024-05-15&link=https%3A//www.booking.com/hotel/eg/shores-golden.html%3Faid%3D1607597%26checkin%3D2024-07-28%26checkout%3D2024-07-29%26no_rooms%3D1%26group_adults%3D1%26selected_currency%3DUSD
Sharm El-Shaikh,Jaz Sharks Bay,2 B Entrance Of Sharks Bay North Naama Bay. Sharm El Sheikh,8,https://tripplanner.ai/_next/image?url=https%3A%2F%2Fq-xx.bstatic.com%2Fxdata%2Fimages%2Fhotel%2Fmax500%2F29328805.jpg%3Fk%3D5d838eb8a913591ac53041a951b99f9acceaabc4c10556f330370b237b38735b%26o%3D&w=1080&q=75,https://www.stay22.com/allez/booking?aid=tripplannerai&campaign=build-itinerary~98f2bb76-da4d-4782-a917-082b93e964a7~date:2024-04-29&checkin=2024-05-15&checkout=2024-05-15&link=https%3A//www.booking.com/hotel/eg/sol-y-mar-sharks-bay.html%3Faid%3D1607597%26checkin%3D2024-07-28%26checkout%3D2024-07-29%26no_rooms%3D1%26group_adults%3D1%26selected_currency%3DUSD
Sharm El-Shaikh,Sharm Reef Resort,Umm El Seed. Tower Bay. Sharm El Sheikh,8.6,https://tripplanner.ai/_next/image?url=https%3A%2F%2Fq-xx.bstatic.com%2Fxdata%2Fimages%2Fhotel%2Fmax500%2F469886318.jpg%3Fk%3D9830f72b13eeed3fb7b240c75af8757328185c2ef6f3da022e65c0a91b47d720%26o%3D&w=1080&q=75,https://www.stay22.com/allez/booking?aid=tripplannerai&campaign=build-itinerary~98f2bb76-da4d-4782-a917-082b93e964a7~date:2024-04-29&checkin=2024-05-15&checkout=2024-05-15&link=https%3A//www.booking.com/hotel/eg/sharm-reef.html%3Faid%3D1607597%26checkin%3D2024-07-28%26checkout%3D2024-07-29%26no_rooms%3D1%26group_adults%3D1%26selected_currency%3DUSD
Sharm El-Shaikh,Charmillion Sea Life Resort,Nabq Bay. Sharm El Sheikh,8.6,https://tripplanner.ai/_next/image?url=https%3A%2F%2Fq-xx.bstatic.com%2Fxdata%2Fimages%2Fhotel%2Fmax500%2F505672575.jpg%3Fk%3Db5044f1bf68322f9ace277d7f0dc58200a031810e410ef1f822afc092e199f1f%26o%3D&w=1080&q=75,https://www.stay22.com/allez/booking?aid=tripplannerai&campaign=build-itinerary~98f2bb76-da4d-4782-a917-082b93e964a7~date:2024-04-29&checkin=2024-05-15&checkout=2024-05-15&link=https%3A//www.booking.com/hotel/eg/sea-life-resort.html%3Faid%3D1607597%26checkin%3D2024-07-28%26checkout%3D2024-07-29%26no_rooms%3D1%26group_adults%3D1%26selected_currency%3DUSD
